day,total_value
1,724950.6598272617
2,727287.0927289736
3,730130.5993771118
4,732856.5031990432
5,735438.5940286341
6,737927.6307310108
7,740332.7366028976
